<?xml version='1.0' encoding='utf-8'?>
<!DOCTYPE hibernate-configuration PUBLIC
        "-//Hibernate/Hibernate Configuration DTD//EN"
        "http://hibernate.sourceforge.net/hibernate-configuration-3.0.dtd">

<hibernate-configuration>
    <session-factory>
        <property name="connection.driver_class">com.mysql.cj.jdbc.Driver</property>
        <property name="connection.url">jdbc:mysql://localhost:3306/java_junior</property>
        <property name="connection.username">root</property>
        <property name="connection.password">12345</property>
        <property name="hbm2ddl.auto">update</property>
        <property name="connection.pool_size">1</property>
        <property name="show_sql">true</property>
        <property name="current_session_context_class">thread</property>
        <property name="dialect">org.hibernate.dialect.MySQLDialect</property>
        <mapping class="org.example.homework4.task2.Book"/>

    </session-factory>
</hibernate-configuration>