<?xml version="1.0" encoding="utf-8"?>
<!DOCTYPE hibernate-configuration PUBLIC
        "-//Hibernate/Hibernate Configuration DTD 3.0//EN"
        "http://www.hibernate.org/dtd/hibernate-configuration-3.0.dtd">
<hibernate-configuration>
    <session-factory>
        <property
                name="hibernate.connection.driver_class">com.mysql.cj.jdbc.Driver</property>
        <property
                name="hibernate.connection.url">jdbc:mysql://localhost:3306</property>
        <property name="hibernate.connection.username">root</property>
        <property name="hibernate.connection.password">12345</property>
        <property
                name="hibernate.dialect">org.hibernate.dialect.MySQLDialect</property>
        <property name="show_sql">true</property>
        <mapping class="org.example.lecture4.Magic" />
    </session-factory>
</hibernate-configuration>